{
    "job": {
        "setting": {
            "speed": {
                "channel": 1
            }
        },

        "content": [
            {
                "reader": {
                    "name": "odpsreader"
                },

                "writer": {
                    "name": "gdbwriter",
                        "parameter": {
                        "host": "localhost",
                        "port": 8182,
                        "username": "username",
                        "password": "password",
                        "label": "test-label",
                        "srcLabel": "test-srcLabel-",
                        "dstLabel": "test-dstLabel-",
                        "labelType": "EDGE",
                        "writeMode": "INSERT",
                        "idTransRule": "labelPrefix",
                        "srcIdTransRule": "labelPrefix",
                        "dstIdTransRule": "labelPrefix",

                        "column": [
                            {
                                "name": "id",
                                "value": "-test-${0}",
                                "type": "string",
                                "columnType": "primaryKey"
                            },
                            {
                                "name": "id",
                                "value": "from-id-${2}",
                                "type": "string",
                                "columnType": "srcPrimaryKey"
                            },
                            {
                                "name": "id",
                                "value": "to-id-${3}",
                                "type": "string",
                                "columnType": "dstPrimaryKey"
                            },
                            {
                                "name": "strValue-${2}-key",
                                "value": "strValue-${2}-value",
                                "type": "string",
                                "columnType": "edgeProperty"
                            },
                            {
                                "name": "intProp",
                                "value": "${3}",
                                "type": "int",
                                "columnType": "edgeProperty"
                            },
                            {
                                "name": "booleanProp",
                                "value": "${5}",
                                "type": "boolean",
                                "columnType": "edgeProperty"
                            }
                        ]
                    }
                }
            }
        ]
    }
}
