{
    "job": {
        "setting": {
            "speed": {
                "byte":10485760
            },
            "errorLimit": {
                "record": 0,
                "percentage": 0.02
            }
        },
        "content": [
            {
                "reader": {
                    "name": "streamreader",
                    "parameter": {
                        "column" : [
                            {
                                "value": "DataX",
                                "type": "string"
                            },
                            {
                                "value": 19890604,
                                "type": "long"
                            },
                            {
                                "value": "1989-06-04 00:00:00",
                                "type": "date"
                            },
                            {
                                "value": true,
                                "type": "bool"
                            },
                            {
                                "value": "test",
                                "type": "bytes"
                            }
                        ],
                        "sliceRecordCount": 100000
                    }
                },
                "writer": {
                    "name": "streamwriter",
                    "parameter": {
                        "print": false,
                        "encoding": "UTF-8"
                    }
                }
            }
        ]
    }
}
